<?xml version="1.0" encoding="UTF-8" ?>
 <extension type="package" version="2.5" method="upgrade">
 <name>OnePage Package</name>
 <author>J-SOHO</author>
 <creationDate>May 2013</creationDate>
 <packagename>onepage</packagename>
 <version>1.7.3</version>
 <url>http://www.j-soho.com/</url>
 <packager>J-SOHO</packager>
 <packagerurl>http://www.j-soho.com/</packagerurl>
 <description>Package to combine Onepage</description>
 <license>GNU/GPLv3 http://www.gnu.org/licenses/gpl-3.0.html</license>
 
 <scriptfile>install.php</scriptfile>
 <files folder="packages">
	<file type="component" id="com_onepage" >com_onepage.zip</file>
	
	
	<file type="plugin" id="onepagecss"  group="system">plg_sys_onepagecss.zip</file>
	
	<file type="plugin" id="row"  group="opeltype">plg_opeltype_row.zip</file>
	<file type="plugin" id="fscarousel"  group="opeltype">plg_opeltype_fscarousel.zip</file>
	<file type="plugin" id="carousel"  group="opeltype">plg_opeltype_carousel.zip</file>
	<file type="plugin" id="item"  group="opeltype">plg_opeltype_item.zip</file>
	<file type="plugin" id="subscription"  group="opeltype">plg_opeltype_subscription.zip</file>
	
	<file type="plugin" id="contactformc1"  group="opeltype">plg_opeltype_contactformc1.zip</file>
	<file type="plugin" id="gmap"  group="opeltype">plg_opeltype_gmap.zip</file>
	<file type="plugin" id="modulelist"  group="opeltype">plg_opeltype_modulelist.zip</file>
	<file type="plugin" id="sidebar2"  group="opeltype">plg_opeltype_sidebar2.zip</file>
	<file type="plugin" id="vertical"  group="opeltype">plg_opeltype_vertical.zip</file>
	<file type="plugin" id="overlay"  group="opeltype">plg_opeltype_overlay.zip</file>
	<file type="plugin" id="hover"  group="opeltype">plg_opeltype_hover.zip</file>
	<file type="plugin" id="video"  group="opeltype">plg_opeltype_video.zip</file>
	
	<file type="plugin" id="tab"  group="opeltype">plg_opeltype_tab.zip</file>
	<file type="plugin" id="collapse"  group="opeltype">plg_opeltype_collapse.zip</file>
	
	<file type="plugin" id="page"  group="opeltype">plg_opeltype_page.zip</file>
	
	<file type="plugin" id="gallery"  group="opeltype">plg_opeltype_gallery.zip</file>
	<file type="plugin" id="products"  group="opeltype">plg_opeltype_products.zip</file>
	<file type="plugin" id="bgcarousel"  group="opeltype">plg_opeltype_bgcarousel.zip</file>
	<file type="plugin" id="vrow"  group="opeltype">plg_opeltype_vrow.zip</file>
	<file type="plugin" id="localvideo"  group="opeltype">plg_opeltype_localvideo.zip</file>
	<file type="plugin" id="button"  group="opeltype">plg_opeltype_button.zip</file>
	<file type="plugin" id="nav2"  group="opeltype">plg_opeltype_nav2.zip</file>
	<file type="plugin" id="carouselimgs"  group="opeltype">plg_opeltype_carouselimgs.zip</file>
	
	<file type="plugin" id="contactformc1"  group="opeljs">plg_opeljs_contactformc1.zip</file>
	
	<file type="plugin" id="tree"  group="opeljs">plg_opfix_tree.zip</file>
	<file type="plugin" id="notpl"  group="opeljs">plg_opfix_notpl.zip</file>
	
 </files>
 </extension>